type,prompt,completion,json,category,metadata,source,tags,notes
qna,what is cbp,"cbp stands for configurable buisness pages, it configures the page based on the json keys",-,defenition,"{""schema_version"":""v1""}",cbp_docs,"[""cbp"",""explain""]",explanation about cbp
json,create a simple page,Here is a sample page template,"{
  ""tenant"": ""exampletenant"",
  ""systemID"": """", 
  ""epic"": ""SCH-SUPPLIER"",
  ""pageName"": ""SamplePageName"",
  ""version"": ""Grid"",
  ""showWorkflowActions"": false,
  ""showPageBanner"": true,
  ""pageBanner"": {
    ""Business_Comp_Name"": ""SampleComponentName,
    ""Title"": ""SamplePageTitle"",
    ""Screen_Name"": ""SampleScreenName"",
    ""Description"": ""SampleDescription""
  },
  ""dataSource"": [],
  ""rows"": [
    {
      ""columns"": [
        {
          ""components"": []
        }
      ]
    }
  ]
}",page,"{""schema_version"":""v1""}",cbp_docs,"[""create"",""page""]",Sample Page Json
json,create a page with a table,Here is a sample page with a table that lists the id and value,"{
  ""tenant"": ""exampletenant"",
  ""systemID"": """",
  ""epic"": ""SCH-SUPPLIER"",
  ""pageName"": ""SamplePageName"",
  ""version"": ""Grid"",
  ""showWorkflowActions"": false,
  ""showPageBanner"": true,
  ""pageBanner"": {
    ""Business_Comp_Name"": ""SampleComponentName"",
    ""Title"": ""SamplePageTitle"",
    ""Screen_Name"": ""SampleScreenName"",
    ""Description"": ""SampleDescription""
  },
  ""dataSource"": [
    {
      ""dataSourceType"": ""businessView"",
      ""dataSourceName"": ""AliasOfBuisnessView"",
      ""dataSourceDetails"": {
        ""businessView"": ""NameOfBuisnessView""
      }
    }
  ],
  ""rows"": [
    {
      ""columns"": [
        {
          ""components"": [
            {
              ""componentId"": 1,
              ""type"": ""table"",
              ""title"": ""TableTitle"",
              ""description"": ""TableDescription"",
              ""dataSourceName"": ""AliasOfBuisnessView"",
              ""tableConfig"": {
                ""businessComponent"": ""NC"",
                ""layoutIcon"": false,
                ""downloadIcon"": true,
                ""columnFilterIcon"": true,
                ""rowFilterIcon"": true,
                ""fullscreenIcon"": true,
                ""aggregationFooter"": false,
                ""checkbox"": false
              },
              ""tableColumns"": {
                ""id"": {
                  ""type"": ""text"",
                  ""dbColumnName"": ""id"",
                  ""hidden"": false
                },
                ""value"": {
                  ""type"": ""text"",
                  ""dbColumnName"": ""value""
                }
              }
            }
          ]
        }
      ]
    }
  ]
}",page,"{""schema_version"":""v1""}",cbp_docs,"[""create"",""table""]",sample page with a table
